<?xml version="1.0" encoding="UTF-8"?>
<beans xmlns:context="http://www.springframework.org/schema/context"
    xmlns:p="http://www.springframework.org/schema/p"
    xmlns:xsi="http://www.w3.org/2001/XMLSchema-instance"
    xmlns="http://www.springframework.org/schema/beans"
    xmlns:mvc="http://www.springframework.org/schema/mvc"
    xsi:schemaLocation="http://www.springframework.org/schema/beans http://www.springframework.org/schema/beans/spring-beans-3.0.xsd
       http://www.springframework.org/schema/context http://www.springframework.org/schema/context/spring-context-3.0.xsd
       http://www.springframework.org/schema/mvc http://www.springframework.org/schema/mvc/spring-mvc.xsd">

   <context:component-scan base-package="com"></context:component-scan>
   
   <mvc:annotation-driven>
      <mvc:argument-resolvers>
         <bean class="com.common.resolver.CustomMapArgumentResolver"></bean>      
      </mvc:argument-resolvers>
   </mvc:annotation-driven>
   
   <mvc:interceptors>
      <mvc:interceptor>
         <mvc:mapping path="/**"/>
         <bean id="loggerInterceptor" class="com.common.logger.LoggerInterceptor"></bean>
      </mvc:interceptor>
   </mvc:interceptors>
   
   <bean class="org.springframework.web.servlet.mvc.annotation.DefaultAnnotationHandlerMapping"/>
    
    <bean class="org.springframework.web.servlet.view.BeanNameViewResolver" p:order="0" />
    <bean id="jsonView" class="org.springframework.web.servlet.view.json.MappingJacksonJsonView" />    

    <bean id="viewResolver" class="org.springframework.web.servlet.view.UrlBasedViewResolver"> 
      <property name="viewClass" value="org.springframework.web.servlet.view.tiles2.TilesView"/>
      <property name="order" value="1"></property> 
    </bean>
    <bean id="jspViewResolver" class="org.springframework.web.servlet.view.InternalResourceViewResolver">
	   <property name="prefix" value="/WEB-INF/views/" />
	   <property name="suffix" value=".jsp" />
	   <property name="order" value="2" />
	</bean>
        
   
   <bean id="tilesConfigurer" class="org.springframework.web.servlet.view.tiles2.TilesConfigurer">
      <property name="definitions">
         <list>
            <value>/WEB-INF/tiles.xml</value>
         </list>
      </property>
      <property name="preparerFactoryClass" value="org.springframework.web.servlet.view.tiles2.SpringBeanPreparerFactory"/>
   </bean>
</beans>