<?xml version="1.0" encoding="UTF-8"?>
<!DOCTYPE tiles-definitions PUBLIC 
	"-//Apache Software Foundation//DTD Tiles Configuration 2.1//EN"
	"http://tiles.apache.org/dtds/tiles-config_2_1.dtd">

<tiles-definitions>

	<!-- 메인페이지 -->
	<definition name="main" template="/WEB-INF/common/layout.jsp">
		<put-attribute name="header" value="/WEB-INF/common/header.jsp"/>
		<put-attribute name="body" value="/WEB-INF/common/main.jsp"/>
		<put-attribute name="bottom" value="/WEB-INF/common/bottom.jsp"/>
	</definition>
	
	<!-- 테스트 -->
	<definition name="test" template="/WEB-INF/common/layout.jsp">
		<put-attribute name="header" value="/WEB-INF/common/header.jsp"/>
		<put-attribute name="body" value="/WEB-INF/test/test.jsp"/>
		<put-attribute name="bottom" value="/WEB-INF/common/bottom.jsp"/>
	</definition>

	




<!-- 관리자페이지 -->
	<definition name="adminMain" template="/WEB-INF/common/layout.jsp">
		<put-attribute name="header" value="/WEB-INF/common/header.jsp"/>
		<put-attribute name="body" value="/WEB-INF/views/admin/main.jsp"/>
		<put-attribute name="bottom" value="/WEB-INF/common/bottom.jsp"/>
	</definition>

	
<!-- 회원관리 페이지 -->

	
	<!-- 회원관리 페이지 -->

<!-- 회원관리 페이지 -->


	<definition name="memberList" template="/WEB-INF/common/layout.jsp">
      <put-attribute name="header" value="/WEB-INF/common/header.jsp"/>
      <put-attribute name="body" value="/WEB-INF/views/admin/member/list.jsp"/>
      <put-attribute name="bottom" value="/WEB-INF/common/bottom.jsp"/>
   </definition>
	
	<!-- 회원정보 상세보기 페이지 -->
	<definition name="memberView" template="/WEB-INF/common/layout.jsp">
		<put-attribute name="header" value="/WEB-INF/common/header.jsp"/>
		<put-attribute name="body" value="/WEB-INF/views/admin/member/view.jsp"/>
		<put-attribute name="bottom" value="/WEB-INF/common/bottom.jsp"/>
	</definition>
	
	<!-- 회원정보 수정 페이지 -->
	<definition name="memberModify" template="/WEB-INF/common/layout.jsp">
		<put-attribute name="header" value="/WEB-INF/common/header.jsp"/>
		<put-attribute name="body" value="/WEB-INF/views/admin/member/modify.jsp"/>
		<put-attribute name="bottom" value="/WEB-INF/common/bottom.jsp"/>
	</definition>
	
	<!-- 관리자QNA페이지 -->
	<definition name="qnaList" template="/WEB-INF/common/layout.jsp">
		<put-attribute name="header" value="/WEB-INF/common/header.jsp"/>
		<put-attribute name="body" value="/WEB-INF/views/admin/qna/list.jsp"/>
		<put-attribute name="bottom" value="/WEB-INF/common/bottom.jsp"/>
	</definition>
	
	<!-- 관리자FAQ페이지 -->
	<definition name="faqList" template="/WEB-INF/common/layout.jsp">
		<put-attribute name="header" value="/WEB-INF/common/header.jsp"/>
		<put-attribute name="body" value="/WEB-INF/views/admin/faq/list.jsp"/>
		<put-attribute name="bottom" value="/WEB-INF/common/bottom.jsp"/>
	</definition>
	
	<!-- 숙소 관리 페이지-->
	<definition name="houseList" template="/WEB-INF/common/layout.jsp">
		<put-attribute name="header" value="/WEB-INF/common/header.jsp"/>
		<put-attribute name="body" value="/WEB-INF/views/admin/house/list.jsp"/>
		<put-attribute name="bottom" value="/WEB-INF/common/bottom.jsp"/>
	</definition>
	
	
	
	<!-- 마이페이지  -->
	<definition name="noticeForm" template="/WEB-INF/common/layout.jsp">
		<put-attribute name="header" value="/WEB-INF/common/header.jsp"/>
		<put-attribute name="body" value="/WEB-INF/views/mypage/notice/noticeForm.jsp"/>
		<put-attribute name="bottom" value="/WEB-INF/common/bottom.jsp"/>
	</definition>
	
		<!-- 메시지 -->
	<definition name="sendMsgForm" template="/WEB-INF/common/layout.jsp">
		<put-attribute name="header" value="/WEB-INF/common/header.jsp"/>
		<put-attribute name="body" value="/WEB-INF/views/mypage/message/sendMsgList.jsp"/>
		<put-attribute name="bottom" value="/WEB-INF/common/bottom.jsp"/>
	</definition>
	
	<definition name="receiveMsgForm" template="/WEB-INF/common/layout.jsp">
		<put-attribute name="header" value="/WEB-INF/common/header.jsp"/>
		<put-attribute name="body" value="/WEB-INF/views/mypage/message/receiveMsgList.jsp"/>
		<put-attribute name="bottom" value="/WEB-INF/common/bottom.jsp"/>
	</definition>
	
	<!-- 숙소목록 -->
	<definition name="houseForm" template="/WEB-INF/common/layout.jsp">
		<put-attribute name="header" value="/WEB-INF/common/header.jsp"/>
		<put-attribute name="body" value="/WEB-INF/views/mypage/house/houseForm.jsp"/>
		<put-attribute name="bottom" value="/WEB-INF/common/bottom.jsp"/>
	</definition>
	
	<definition name="houseReserForm" template="/WEB-INF/common/layout.jsp">
		<put-attribute name="header" value="/WEB-INF/common/header.jsp"/>
		<put-attribute name="body" value="/WEB-INF/views/mypage/house/reserForm.jsp"/>
		<put-attribute name="bottom" value="/WEB-INF/common/bottom.jsp"/>
	</definition>
	
		<!-- 트립목록 -->
	<definition name="tripForm" template="/WEB-INF/common/layout.jsp">
		<put-attribute name="header" value="/WEB-INF/common/header.jsp"/>
		<put-attribute name="body" value="/WEB-INF/views/mypage/trip/tripForm.jsp"/>
		<put-attribute name="bottom" value="/WEB-INF/common/bottom.jsp"/>
	</definition>
	
	<definition name="tripReserForm" template="/WEB-INF/common/layout.jsp">
		<put-attribute name="header" value="/WEB-INF/common/header.jsp"/>
		<put-attribute name="body" value="/WEB-INF/views/mypage/trip/reserForm.jsp"/>
		<put-attribute name="bottom" value="/WEB-INF/common/bottom.jsp"/>
	</definition>
	
		<!-- 프로필 -->
	<definition name="proForm" template="/WEB-INF/common/layout.jsp">
		<put-attribute name="header" value="/WEB-INF/common/header.jsp"/>
		<put-attribute name="body" value="/WEB-INF/views/mypage/profile/proForm.jsp"/>
		<put-attribute name="bottom" value="/WEB-INF/common/bottom.jsp"/>
	</definition>
		
	<definition name="reviewForm" template="/WEB-INF/common/layout.jsp">
		<put-attribute name="header" value="/WEB-INF/common/header.jsp"/>
		<put-attribute name="body" value="/WEB-INF/views/mypage/profile/reviewForm.jsp"/>
		<put-attribute name="bottom" value="/WEB-INF/common/bottom.jsp"/>
	</definition>
	
	<definition name="checkState" template="/WEB-INF/common/layout.jsp">
		<put-attribute name="header" value="/WEB-INF/common/header.jsp"/>
		<put-attribute name="body" value="/WEB-INF/views/mypage/profile/checkState.jsp"/>
		<put-attribute name="bottom" value="/WEB-INF/common/bottom.jsp"/>
	</definition>
	
		<!-- 위시리스트 -->

	<definition name="listForm" template="/WEB-INF/common/layout.jsp">
		<put-attribute name="header" value="/WEB-INF/common/header.jsp"/>
		<put-attribute name="body" value="/WEB-INF/views/mypage/wishlist/listForm.jsp"/>
		<put-attribute name="bottom" value="/WEB-INF/common/bottom.jsp"/>
	</definition>

	<!-- **********************house_start**********************-->
	<!-- house layout -->
	<definition name="house_form" template="/WEB-INF/views/house/layout/layout.jsp">
		<put-attribute name="house_header" value="/WEB-INF/views/house/layout/header.jsp"/>
		<put-attribute name="house_body" value="/WEB-INF/views/house/layout/body.jsp"/>
	</definition>
	
	<!-- list 정의 -->
	<definition name="houseList_layout" extends="house_form">
		<put-attribute name="house_body" value="/WEB-INF/views/house/houseMain.jsp"/>
	</definition>
	
	<!-- main -->
	<definition name="houseMain" extends="main">
		<put-attribute name="body" value="houseList_layout"/>
	</definition>
	
	<!-- open register -->
 	<definition name="openHouseRegister" extends="main">
		<put-attribute name="body" value="/WEB-INF/views/house/houseRegister.jsp"/>	
	</definition>
	
			<!-- 숙소 등록 상세 페이지 레이아웃 -->
	<definition name="houseRegister_form" template="/WEB-INF/views/house/layout/register/layout.jsp">
		<put-attribute name="left" value="/WEB-INF/views/house/layout/register/left.jsp"/>
		<put-attribute name="right" value="/WEB-INF/views/house/layout/register/right.jsp"/>
	</definition>
	
	<!-- 숙소 기본정보 등록 페이지 정의 -->
	<definition name="houseRegister_layout" extends="houseRegister_form">
		<put-attribute name="left" value="/WEB-INF/views/house/register/houseRegister1.jsp"/>
	</definition>
	
	<!-- open register detail1 -->
	<definition name="houseRegister1" extends="main">
		<put-attribute name="body" value="houseRegister_layout"/>
	</definition>						
	
	<!-- 숙소 추가정보 등록 페이지 정의 -->
	<definition name="houseRegister2_layout" extends="houseRegister_form">
		<put-attribute name="left" value="/WEB-INF/views/house/register/houseRegister2.jsp"/>
	</definition>
	<!-- open register detail2 -->
	<definition name="houseRegister2" extends="main">
		<put-attribute name="body" value="houseRegister2_layout"/>
	</definition>
	
	<!-- open register detail3 -->
	<definition name="houseRegister3" extends="main">
		<put-attribute name="body" value="/WEB-INF/views/house/register/houseRegister3.jsp"/>
	</definition>
	
	<!-- insert register 정의 -->
 	<definition name="insertHouseRegister_layout" extends="house_form">
		<put-attribute name="house_body" value="/WEB-INF/views/house/houseList.jsp"/>
	</definition>
	
	<!-- insert register -->
 	<definition name="insertHouseRegister" extends="main">
		<put-attribute name="body" value="insertHouseRegister_Layout"/>
	</definition>
	
	
	<!-- **********************house_end**********************-->


	<!-- 트립 페이지 -->
	<definition name="tripMain" template="/WEB-INF/common/layout.jsp">
		<put-attribute name="header" value="/WEB-INF/common/header.jsp"/>
		<put-attribute name="body" value="/WEB-INF/views/trip/tripMain.jsp"/>
		<put-attribute name="bottom" value="/WEB-INF/common/bottom.jsp"/>
	</definition>
	
	<definition name="tripRegistForm" template="/WEB-INF/common/layout.jsp">
		<put-attribute name="header" value="/WEB-INF/common/header.jsp"/>
		<put-attribute name="body" value="/WEB-INF/views/trip/tripRegist.jsp"/>
		<put-attribute name="bottom" value="/WEB-INF/common/bottom.jsp"/>
	</definition>
	
	<definition name="test2" template="/WEB-INF/common/layout.jsp">
		<put-attribute name="header" value="/WEB-INF/common/header.jsp"/>
		<put-attribute name="body" value="/WEB-INF/test/test2.jsp"/>
		<put-attribute name="bottom" value="/WEB-INF/common/bottom.jsp"/>
	</definition>

</tiles-definitions>
	