<?xml version="1.0" encoding="UTF-8"?>
<!DOCTYPE mapper PUBLIC "-//mybatis.org//DTD Mapper 3.0//EN" "http://mybatis.org/dtd/mybatis-3-mapper.dtd">

<mapper namespace="admin">

   <!-- Qna리스트, 페이징을 위해 수정됨 -->
   <select id="qnaBoardList" parameterType="hashmap" resultType="hashmap">
   <!-- MyBatis의 기능으로 쿼리의 일부분을 만들어놓고, 그것을 여러곳에서 가져다 사용할 수 있도록 함. 페이징 쿼리에서 항상 똑같이 사용되는 부분-->
    	SELECT 
    		ROW_NUMBER() OVER (ORDER BY QNA_IDX DESC) RNUM,
			QNA_IDX, 
			QNA_TITLE,
			QNA_CONTENT, 
			QNA_READCOUNT, 
			QNA_REGDATE, 
			MEMBER_NAME
		FROM QNA_BOARD Q inner join MEMBER M on Q.MEMBER_IDX=M.MEMBER_IDX
		ORDER BY QNA_IDX DESC
   </select>
   
   <!-- 게시판 검색 -->
	<!-- 제목검색 -->
	<select id="search0" parameterType="hashmap" resultType="hashmap">
		SELECT * FROM QNA_BOARD
		 WHERE QNA_TITLE like '%'||#{isSearch}||'%'
		 ORDER BY QNA_IDX DESC
	</select>
	
	<!-- 내용검색 -->
	<select id="search1" parameterType="hashmap" resultType="hashmap">
		SELECT * FROM QNA_BOARD
		WHERE QNA_CONTENT like '%'||#{isSearch}||'%'
		ORDER BY QNA_IDX DESC
	</select>

	<!-- 작성자검색 -->
	<select id="search2" parameterType="hashmap" resultType="hashmap">
		SELECT * FROM QNA_BOARD Q inner join MEMBER M on Q.MEMBER_IDX=M.MEMBER_IDX
		WHERE MEMBER_NAME like '%'||#{isSearch}||'%'
		ORDER BY QNA_IDX DESC
	</select>
   
      
   
   
   <!-- qna 글쓰기 처리 -->
   <insert id="adminQnaInsertPro" parameterType="hashmap">
    <![CDATA[
        INSERT INTO QNA_BOARD
        (
            QNA_IDX,
            QNA_TITLE,
            QNA_CONTENT,
            QNA_PWD,
            QNA_REGDATE,
            QNA_READCOUNT,
            MEMBER_IDX
        )
        VALUES
        (
           QNA_IDX_SEQ.NEXTVAL, 
            #{QNA_TITLE}, 
            #{QNA_CONTENT}, 
            #{QNA_PWD}, 
            SYSDATE, 
            0, 
            #{MEMBER_IDX}
        )
    ]]>
   </insert>
   
    <!--QNA 상세보기 -->
   <select id="adminQnaSelectDetail" parameterType="hashmap" resultType="hashmap">
    <![CDATA[
        SELECT
            QNA_IDX,
            QNA_TITLE,
            QNA_CONTENT,
            QNA_REGDATE,
            QNA_READCOUNT,
            MEMBER_NAME,
            MEMBER_LEVEL,
            M.MEMBER_IDX
        FROM
            QNA_BOARD Q inner join MEMBER M on Q.MEMBER_IDX=M.MEMBER_IDX
        WHERE
            QNA_IDX = #{QNA_IDX}        
       ]]>
   </select>
   
    	<!--Qna조회수 증가  -->
   		<update id="updateQnaReadCount" parameterType="hashmap">
    	<![CDATA[
       	 	UPDATE QNA_BOARD 
        	SET
            QNA_READCOUNT = NVL(QNA_READCOUNT, 0) + 1
        	WHERE
            QNA_IDX = #{QNA_IDX}    
    	]]>
   		</update>
   		
   		
   		<!-- 댓글리스트 -->
   		<select id="qnaCommList" parameterType="hashmap" resultType="hashmap">
  			 SELECT 
				QCO_IDX, 
				QCO_CONTENT, 
				QNA_IDX 
			FROM
				QNA_CO
			WHERE 
				QNA_IDX = #{QNA_IDX}
			ORDER BY QCO_IDX DESC
   		</select>
   		
   		<!-- 댓글삭제 -->
	   <delete id="qnaCommDelete" parameterType="hashmap">
	    <![CDATA[
    	    DELETE FROM QNA_CO
       	 	WHERE QCO_IDX = #{QCO_IDX}
    	]]>
   		</delete>
   
   <!-- QNA 수정 -->
   <update id="adminQnaUpdatePro" parameterType="hashmap">
    <![CDATA[
    
        UPDATE QNA_BOARD
        SET
           QNA_TITLE = #{QNA_TITLE},
           QNA_CONTENT = #{QNA_CONTENT}
        WHERE
           QNA_IDX = #{QNA_IDX}
    ]]>
   </update>

   <!-- QNA 삭제하기 -->
	<delete id="adminQnaDelete" parameterType="hashmap">
    <![CDATA[
        DELETE FROM QNA_BOARD
        WHERE QNA_IDX = #{QNA_IDX}
    ]]>
	</delete>
	
	
	  <!-- faq 리스트 -->
    <select id="faqBoardList" parameterType="hashmap" resultType="hashmap">
        <![CDATA[
         SELECT FAQ_IDX, FAQ_TITLE, FAQ_CONTENT, FAQ_TYPE
			FROM FAQ_BOARD 
		ORDER BY FAQ_IDX DESC
		
      
        ]]>
    </select>
    
    
    
    <!-- faq 글쓰기 처리 -->
   <insert id="adminFaqInsert" parameterType="hashmap">
    <![CDATA[
        INSERT INTO FAQ_BOARD
        (
            FAQ_IDX,
            FAQ_TITLE,
            FAQ_CONTENT,
            FAQ_PWD,
            FAQ_REGDATE,
            FAQ_READCOUNT,
            MEMBER_IDX,
            FAQ_TYPE
        )
        VALUES
        (
           FAQ_IDX_SEQ.NEXTVAL, 
            #{FAQ_TITLE}, 
            #{FAQ_CONTENT},
            '11',
            SYSDATE, 
            0, 
            #{MEMBER_IDX},
            #{FAQ_TYPE}
        )
    ]]>
   </insert>
   
    <!--Faq 상세보기 -->
   <select id="adminFaqSelectDetail" parameterType="hashmap" resultType="hashmap">
    <![CDATA[
        SELECT
            FAQ_IDX,
            FAQ_TITLE,
            FAQ_CONTENT,
            MEMBER_IDX,
            FAQ_TYPE,
            FAQ_IMAGE
        FROM
            FAQ_BOARD
        WHERE
            FAQ_IDX = #{FAQ_IDX}       
       ]]>
   </select>
   
   
   <!-- faq글 수정 -->
   <update id="adminFaqUpdate" parameterType="hashmap">
    <![CDATA[
        UPDATE FAQ_BOARD
        SET
           FAQ_TITLE = #{FAQ_TITLE},
           FAQ_CONTENT = #{FAQ_CONTENT}
        WHERE
           FAQ_IDX = #{FAQ_IDX}
    ]]>
   </update>

	<!-- faq글 삭제 -->
	<delete id="adminFaqDelete" parameterType="hashmap">
    <![CDATA[
        DELETE FROM FAQ_BOARD
        WHERE FAQ_IDX = #{FAQ_IDX}
    ]]>
	</delete>
   

   <!-- 멤버리스트 -->
   <select id="selectMemberList" parameterType="hashmap" resultType="hashmap">
      
         SELECT
           
            MEMBER_IDX,
            MEMBER_EMAIL,
            MEMBER_NAME,
            MEMBER_PWD,
            MEMBER_BIRTH,
            MEMBER_PHONE,
            MEMBER_SEX,
            MEMBER_ADDR,
            MEMBER_JOINDATE,
            MEMBER_LEVEL
            FROM
            MEMBER
            ORDER BY MEMBER_IDX ASC
   
   </select>



<select id="selectMemberView" parameterType="hashmap" resultType="hashmap">
    
        SELECT
            MEMBER_IDX,
            MEMBER_EMAIL,
            MEMBER_JOINDATE,
            MEMBER_LEVEL,
            MEMBER_NAME,
            MEMBER_PWD,
            MEMBER_BIRTH,
            MEMBER_PHONE,
            MEMBER_SEX,
            MEMBER_ADDR,
            MEMBER_IMAGE
            FROM 
            MEMBER
            WHERE MEMBER_IDX = #{MEMBER_IDX}        
   
</select>

<update id="updateMemberModify" parameterType="hashmap">
   
        UPDATE MEMBER SET
            MEMBER_ADDR = #{MEMBER_ADDR},
            MEMBER_PHONE = #{MEMBER_PHONE},
            MEMBER_EMAIL = #{MEMBER_EMAIL},
            MEMBER_PWD = #{MEMBER_PWD},
            MEMBER_LEVEL = #{MEMBER_LEVEL}
            
            WHERE MEMBER_IDX = #{MEMBER_IDX}    
 
</update>


      <delete id="deleteList" parameterType="hashmap">
        DELETE
        FROM MEMBER   
        WHERE MEMBER_IDX = #{MEMBER_IDX}  
      </delete>


   
   
 
    
     <!-- 댓글쓰기 -->
    <insert id="qnaCommWrite" parameterType="hashmap">
        INSERT INTO QNA_CO
        (
            QCO_IDX,
            QCO_CONTENT,
            QNA_IDX
        )
        VALUES
        (
           QCO_IDX_SEQ.NEXTVAL,
           #{QCO_CONTENT},
           #{QNA_IDX}
        )
   </insert>
    

    <!-- House List -->
    <select id="selectHouseList" parameterType="hashmap" resultType="hashmap">
      
         SELECT
         
            HOUSE_IDX,
            HOUSE_NAME,
            HOUSE_INFO,
            HOUSE_KIND,
            HOUSE_IMAGE,
            HOUSE_ZIPCODE,
            HOUSE_ADDR1,
            HOUSE_ADDR2,
            HOUSE_ADDR3,
            HOUSE_PERSONS,
            HOUSE_TOTAL_PRICE,
            HOUSE_PRICE,
            HOUSE_PERSON_PRICE
  
          FROM
            HOUSE
            
          ORDER BY HOUSE_IDX ASC
   
   </select>
   
   <select id="selectHouseReportList" parameterType="hashmap" resultType="hashmap">
      
         SELECT
         
         REPORT_IDX,
         REPORT_TITLE,
         REPORT_CONTENT,
         REPORT_REGDATE,
         REPORT_TYPE,
         HOUSE_NAME,
         HOUSE_IMAGE

         FROM
         REPORT_BOARD R inner join HOUSE H on R.HOUSE_IDX=H.HOUSE_IDX
            
         WHERE REPORT_TYPE=1
            
         ORDER BY REPORT_IDX ASC
   
   </select>
   
   
   <delete id="houseReportDelete" parameterType="hashmap">


        DELETE
        FROM REPORT_BOARD
        
        WHERE REPORT_IDX = #{REPORT_IDX}  



</delete>

<!-- Trip List -->
<select id="selectTripList" parameterType="hashmap" resultType="hashmap">
      
         SELECT
         TRIP_IDX,
         TRIP_IMAGE,
         TRIP_AREA,
         TRIP_FIRST_DATE,
         TRIP_LAST_DATE,
         TRIP_LANGUAGE,
         TRIP_NAME,
         TRIP_INTRO,
         TRIP_INCLUDE,
         TRIP_ZIPCODE,
         TRIP_ADDR1,
         TRIP_ADDR2,
         TRIP_ADDR3,
         TRIP_PERSONS,
         TRIP_TPRICE,
         TRIP_PPRICE
         
          FROM
            TRIP
            
          ORDER BY TRIP_IDX ASC
   
   </select>
   
   <select id="selectTripReportList" parameterType="hashmap" resultType="hashmap">
      
         SELECT
         REPORT_IDX,
         REPORT_TITLE,
         REPORT_CONTENT,
         REPORT_REGDATE,
         REPORT_TYPE,
         HOUSE_NAME,
         HOUSE_IMAGE

          FROM
            REPORT_BOARD R inner join HOUSE H on R.HOUSE_IDX=H.HOUSE_IDX
            
            WHERE REPORT_TYPE=2
            
          ORDER BY REPORT_IDX ASC
   
   </select>
   
    <!-- 회원 검색 -->
   <!--이메일로 회원 검색 -->
	<select id="search3" parameterType="hashmap" resultType="hashmap">
		SELECT * FROM MEMBER
		 WHERE MEMBER_EMAIL like '%'||#{isSearch}||'%'
		 ORDER BY MEMBER_IDX DESC
	</select>
	
	<select id="search4" parameterType="hashmap" resultType="hashmap">
		SELECT * FROM MEMBER
		 WHERE MEMBER_IDX like '%'||#{isSearch}||'%'
		 ORDER BY MEMBER_IDX DESC
	</select>
	
	<select id="search5" parameterType="hashmap" resultType="hashmap">
		SELECT * FROM MEMBER
		 WHERE MEMBER_ADDR like '%'||#{isSearch}||'%'
		 ORDER BY MEMBER_IDX DESC
	</select>


    
</mapper>