<?xml version="1.0" encoding="UTF-8"?>
<!DOCTYPE mapper PUBLIC "-//mybatis.org//DTD Mapper 3.0//EN" "http://mybatis.org/dtd/mybatis-3-mapper.dtd">

<mapper namespace="house">

	<!-- house list sql -->
	<select id="selectHouseList" parameterType="hashmap" resultType="hashmap">
		<![CDATA[
			SELECT HOUSE_IDX, HOUSE_NAME, HOUSE_INFO, HOUSE_IMAGE,
					 HOUSE_KIND, HOUSE_ZIPCODE, HOUSE_ADDR1, HOUSE_ADDR2, HOUSE_ADDR3,
					  HOUSE_TOTAL_PERSONS, HOUSE_PERSONS, HOUSE_TOTAL_PRICE, HOUSE_PRICE, 
					  HOUSE_PERSON_PRICE, HOUSE_CNT, MEMBER_IDX 
			FROM HOUSE 
			ORDER BY HOUSE_IDX DESC
		]]>
	</select>
	
	<!-- house insert sql -->
	<insert id="insertHouse" parameterType="hashmap" useGeneratedKeys="true" keyProperty="HOUSE_IDX">
		<selectKey keyProperty="HOUSE_IDX" resultType="string" order="BEFORE">
			SELECT HOUSE_IDX_SEQ.NEXTVAL FROM DUAL
		</selectKey>
	<!-- HOUSE_IDX_SEQ.NEXTVAL -->
	<![CDATA[
		INSERT INTO HOUSE(
			HOUSE_IDX, HOUSE_NAME, HOUSE_INFO, HOUSE_KIND, 
			HOUSE_ZIPCODE, HOUSE_ADDR1, HOUSE_ADDR2, HOUSE_ADDR3, 
			HOUSE_TOTAL_PERSONS, HOUSE_PERSON_PRICE, 
			HOUSE_PRICE, HOUSE_IMAGE
	    )VALUES(
			#{HOUSE_IDX}, #{HOUSE_NAME}, #{HOUSE_INFO}, #{HOUSE_KIND}, 
			#{HOUSE_ZIPCODE}, #{HOUSE_ADDR1}, #{HOUSE_ADDR2}, #{HOUSE_ADDR3},
			#{HOUSE_TOTAL_PERSONS}, #{HOUSE_PERSON_PRICE}, 
			#{HOUSE_PRICE}, #{HOUSE_IMAGE}
		)
	]]>
	</insert>
	<!-- 
	UPDATE HOUSE_INFO SET HI_CHECKOUT = SYSDATE
WHERE HI_IDX = 240
ALTER TABLE HOUSE_INFO
MODIFY(HI_CHECKIN DATE, HI_CHECKOUT DATE)
	 -->
	<!-- houseInfo insert sql -->
	<insert id="insertHouseInfo" parameterType="hashmap">
		<![CDATA[
			INSERT INTO HOUSE_INFO(
				HI_IDX, HOUSE_IDX, HI_SALE, HI_DEPOSIT, HI_GUEST, 
				HI_SPACE, HI_CSPACE, HI_BAD, HI_ROOM, HI_CLEAN_PRICE
				HI_CHECKIN, HI_CHECKOUT
			)VALUES(
				HI_IDX_SEQ.NEXTVAL, #{HOUSE_IDX}, #{HI_SALE}, #{HI_DEPOSIT}, 
				#{HI_GUEST}, #{HI_SPACE}, #{HI_CSPACE}, #{HI_BAD}, #{HI_ROOM}, #{HI_CLEAN_PRICE},
				#{HI_CHECKIN}, #{HI_CHECKOUT}
				)		
		]]>
	</insert>
	
	<insert id="insertHouseImg" parameterType="hashmap">
		<![CDATA[
			INSERT INTO HOUSE(
			HOUSE_IMAGE
			)VALUES(
			#{HOUSE_IMAGE}
			)
		]]>
	</insert>
</mapper>